{"frequency":"39","mname":"E001","temperature":"355","timestamp":"2017-04-16 08:21:06.291237","voltage":"321","EventProcessedUtcTime":"2017-04-16T08:21:52.3456428Z","PartitionId":0,"EventEnqueuedUtcTime":"2017-04-16T08:21:07.1980000Z"}
{"frequency":"32","mname":"E002","temperature":"334","timestamp":"2017-04-16 08:21:08.341086","voltage":"286","EventProcessedUtcTime":"2017-04-16T08:21:52.5331672Z","PartitionId":1,"EventEnqueuedUtcTime":"2017-04-16T08:21:09.7830000Z"}
{"frequency":"28","mname":"E003","temperature":"332","timestamp":"2017-04-16 08:21:10.375770","voltage":"230","EventProcessedUtcTime":"2017-04-16T08:21:52.5331672Z","PartitionId":0,"EventEnqueuedUtcTime":"2017-04-16T08:21:11.2780000Z"}
{"frequency":"40","mname":"E001","temperature":"357","timestamp":"2017-04-16 08:21:12.454224","voltage":"341","EventProcessedUtcTime":"2017-04-16T08:21:52.5331672Z","PartitionId":1,"EventEnqueuedUtcTime":"2017-04-16T08:21:13.8890000Z"}
{"frequency":"31","mname":"E002","temperature":"333","timestamp":"2017-04-16 08:21:14.528162","voltage":"275","EventProcessedUtcTime":"2017-04-16T08:21:52.5331672Z","PartitionId":0,"EventEnqueuedUtcTime":"2017-04-16T08:21:15.4270000Z"}
{"frequency":"29","mname":"E003","temperature":"334","timestamp":"2017-04-16 08:21:16.556026","voltage":"245","EventProcessedUtcTime":"2017-04-16T08:21:52.5331672Z","PartitionId":1,"EventEnqueuedUtcTime":"2017-04-16T08:21:17.9910000Z"}
{"frequency":"39","mname":"E001","temperature":"355","timestamp":"2017-04-16 08:21:18.692100","voltage":"321","EventProcessedUtcTime":"2017-04-16T08:21:52.5331672Z","PartitionId":0,"EventEnqueuedUtcTime":"2017-04-16T08:21:19.5960000Z"}
{"frequency":"32","mname":"E002","temperature":"335","timestamp":"2017-04-16 08:21:20.739032","voltage":"285","EventProcessedUtcTime":"2017-04-16T08:21:52.5331672Z","PartitionId":1,"EventEnqueuedUtcTime":"2017-04-16T08:21:22.1740000Z"}
{"frequency":"29","mname":"E003","temperature":"334","timestamp":"2017-04-16 08:21:22.782955","voltage":"245","EventProcessedUtcTime":"2017-04-16T08:21:52.5331672Z","PartitionId":0,"EventEnqueuedUtcTime":"2017-04-16T08:21:23.6790000Z"}
{"frequency":"40","mname":"E001","temperature":"357","timestamp":"2017-04-16 08:21:24.869199","voltage":"341","EventProcessedUtcTime":"2017-04-16T08:21:52.5331672Z","PartitionId":1,"EventEnqueuedUtcTime":"2017-04-16T08:21:26.3100000Z"}
{"frequency":"31","mname":"E002","temperature":"332","timestamp":"2017-04-16 08:21:26.917768","voltage":"265","EventProcessedUtcTime":"2017-04-16T08:21:52.5331672Z","PartitionId":0,"EventEnqueuedUtcTime":"2017-04-16T08:21:27.8200000Z"}
{"frequency":"28","mname":"E003","temperature":"332","timestamp":"2017-04-16 08:21:28.993834","voltage":"230","EventProcessedUtcTime":"2017-04-16T08:21:52.5331672Z","PartitionId":1,"EventEnqueuedUtcTime":"2017-04-16T08:21:30.4390000Z"}
{"frequency":"39","mname":"E001","temperature":"355","timestamp":"2017-04-16 08:21:31.047210","voltage":"321","EventProcessedUtcTime":"2017-04-16T08:21:52.5331672Z","PartitionId":0,"EventEnqueuedUtcTime":"2017-04-16T08:21:31.9450000Z"}
{"frequency":"31","mname":"E002","temperature":"332","timestamp":"2017-04-16 08:21:33.152328","voltage":"265","EventProcessedUtcTime":"2017-04-16T08:21:52.5331672Z","PartitionId":1,"EventEnqueuedUtcTime":"2017-04-16T08:21:34.5920000Z"}
{"frequency":"26","mname":"E003","temperature":"329","timestamp":"2017-04-16 08:21:35.216275","voltage":"205","EventProcessedUtcTime":"2017-04-16T08:21:52.5331672Z","PartitionId":0,"EventEnqueuedUtcTime":"2017-04-16T08:21:36.1240000Z"}
{"frequency":"40","mname":"E001","temperature":"357","timestamp":"2017-04-16 08:21:37.346269","voltage":"341","EventProcessedUtcTime":"2017-04-16T08:21:52.5331672Z","PartitionId":1,"EventEnqueuedUtcTime":"2017-04-16T08:21:38.7910000Z"}
{"frequency":"30","mname":"E002","temperature":"330","timestamp":"2017-04-16 08:21:39.381974","voltage":"245","EventProcessedUtcTime":"2017-04-16T08:21:52.5331672Z","PartitionId":0,"EventEnqueuedUtcTime":"2017-04-16T08:21:40.2860000Z"}
{"frequency":"28","mname":"E003","temperature":"332","timestamp":"2017-04-16 08:21:41.477480","voltage":"230","EventProcessedUtcTime":"2017-04-16T08:21:52.5331672Z","PartitionId":1,"EventEnqueuedUtcTime":"2017-04-16T08:21:42.9080000Z"}
{"frequency":"39","mname":"E001","temperature":"355","timestamp":"2017-04-16 08:21:43.531129","voltage":"321","EventProcessedUtcTime":"2017-04-16T08:21:52.5331672Z","PartitionId":0,"EventEnqueuedUtcTime":"2017-04-16T08:21:44.4420000Z"}
{"frequency":"31","mname":"E002","temperature":"333","timestamp":"2017-04-16 08:21:45.601847","voltage":"265","EventProcessedUtcTime":"2017-04-16T08:21:52.5331672Z","PartitionId":1,"EventEnqueuedUtcTime":"2017-04-16T08:21:47.0430000Z"}
{"frequency":"29","mname":"E003","temperature":"334","timestamp":"2017-04-16 08:21:47.636355","voltage":"245","EventProcessedUtcTime":"2017-04-16T08:21:52.5331672Z","PartitionId":0,"EventEnqueuedUtcTime":"2017-04-16T08:21:48.5440000Z"}
{"frequency":"40","mname":"E001","temperature":"357","timestamp":"2017-04-16 08:21:49.718287","voltage":"341","EventProcessedUtcTime":"2017-04-16T08:21:52.5331672Z","PartitionId":1,"EventEnqueuedUtcTime":"2017-04-16T08:21:51.1600000Z"}
{"frequency":"30","mname":"E002","temperature":"330","timestamp":"2017-04-16 08:21:51.830662","voltage":"255","EventProcessedUtcTime":"2017-04-16T08:21:52.5331672Z","PartitionId":0,"EventEnqueuedUtcTime":"2017-04-16T08:21:52.7390000Z"}
{"frequency":"29","mname":"E003","temperature":"334","timestamp":"2017-04-16 08:21:53.866243","voltage":"245","EventProcessedUtcTime":"2017-04-16T08:21:53.5644313Z","PartitionId":1,"EventEnqueuedUtcTime":"2017-04-16T08:21:55.3040000Z"}
{"frequency":"39","mname":"E001","temperature":"355","timestamp":"2017-04-16 08:21:55.911755","voltage":"321","EventProcessedUtcTime":"2017-04-16T08:21:55.6738282Z","PartitionId":0,"EventEnqueuedUtcTime":"2017-04-16T08:21:56.8200000Z"}
{"frequency":"30","mname":"E002","temperature":"330","timestamp":"2017-04-16 08:21:57.981004","voltage":"255","EventProcessedUtcTime":"2017-04-16T08:21:57.6904649Z","PartitionId":1,"EventEnqueuedUtcTime":"2017-04-16T08:21:59.4160000Z"}
{"frequency":"28","mname":"E003","temperature":"332","timestamp":"2017-04-16 08:22:00.098895","voltage":"230","EventProcessedUtcTime":"2017-04-16T08:21:59.7843205Z","PartitionId":0,"EventEnqueuedUtcTime":"2017-04-16T08:22:01.0030000Z"}
{"frequency":"40","mname":"E001","temperature":"357","timestamp":"2017-04-16 08:22:02.146837","voltage":"341","EventProcessedUtcTime":"2017-04-16T08:22:01.8635749Z","PartitionId":1,"EventEnqueuedUtcTime":"2017-04-16T08:22:03.5800000Z"}
{"frequency":"31","mname":"E002","temperature":"331","timestamp":"2017-04-16 08:22:04.218656","voltage":"266","EventProcessedUtcTime":"2017-04-16T08:22:03.9438331Z","PartitionId":0,"EventEnqueuedUtcTime":"2017-04-16T08:22:05.1230000Z"}
{"frequency":"26","mname":"E003","temperature":"329","timestamp":"2017-04-16 08:22:06.345188","voltage":"205","EventProcessedUtcTime":"2017-04-16T08:22:06.1331722Z","PartitionId":1,"EventEnqueuedUtcTime":"2017-04-16T08:22:07.7840000Z"}
{"frequency":"39","mname":"E001","temperature":"355","timestamp":"2017-04-16 08:22:08.408561","voltage":"321","EventProcessedUtcTime":"2017-04-16T08:22:08.1175542Z","PartitionId":0,"EventEnqueuedUtcTime":"2017-04-16T08:22:09.3040000Z"}